<?xml version="1.0" encoding="utf-8"?>
<AnalysisConfig xmlns:xsi="http://www.w3.org/2001/XMLSchema-instance" xmlns:xsd="http://www.w3.org/2001/XMLSchema" xmlns="http://www.sonarsource.com/msbuild/integration/2015/1">
  <SonarConfigDir>C:\Users\Administrator\Downloads\Asp.Net-Core-Api-Example-master\Asp.Net-Core-Api-Example-master\.sonarqube\conf</SonarConfigDir>
  <SonarOutputDir>C:\Users\Administrator\Downloads\Asp.Net-Core-Api-Example-master\Asp.Net-Core-Api-Example-master\.sonarqube\out</SonarOutputDir>
  <SonarBinDir>C:\Users\Administrator\Downloads\Asp.Net-Core-Api-Example-master\Asp.Net-Core-Api-Example-master\.sonarqube\bin</SonarBinDir>
  <SonarScannerWorkingDirectory>C:\Users\Administrator\Downloads\Asp.Net-Core-Api-Example-master\Asp.Net-Core-Api-Example-master</SonarScannerWorkingDirectory>
  <HasBeginStepCommandLineCredentials>false</HasBeginStepCommandLineCredentials>
  <SonarQubeHostUrl>http://localhost:9000</SonarQubeHostUrl>
  <SonarQubeVersion>7.5.0.20543</SonarQubeVersion>
  <SonarProjectKey>D1BC6321-8761-4D9F-B674-6D9A5480A57C</SonarProjectKey>
  <AdditionalConfig>
    <ConfigSetting Id="BuildUri" />
    <ConfigSetting Id="TfsUri" />
    <ConfigSetting Id="settings.file.path" Value="C:\Users\Administrator\Downloads\sonar-scanner-msbuild-4.5.0.1761-netcoreapp2.0\SonarQube.Analysis.xml" />
  </AdditionalConfig>
  <ServerSettings>
    <Property Name="sonaranalyzer-cs.nuget.packageVersion">7.9.1.7622</Property>
    <Property Name="sonar.cs.ignoreHeaderComments">true</Property>
    <Property Name="sonar.typescript.file.suffixes">.ts,.tsx</Property>
    <Property Name="sonar.javascript.jQueryObjectAliases">$, jQuery</Property>
    <Property Name="sonaranalyzer-vbnet.nuget.packageVersion">7.9.1.7622</Property>
    <Property Name="sonar.go.file.suffixes">.go</Property>
    <Property Name="email.fromName">SonarQube</Property>
    <Property Name="sonar.python.xunit.skipDetails">false</Property>
    <Property Name="sonar.dbcleaner.weeksBeforeKeepingOnlyAnalysesWithVersion">104</Property>
    <Property Name="sonar.go.exclusions">**/vendor/**</Property>
    <Property Name="sonar.forceAuthentication">false</Property>
    <Property Name="sonar.notifications.delay">60</Property>
    <Property Name="sonar.vbnet.roslyn.ignoreIssues">false</Property>
    <Property Name="sonar.flex.file.suffixes">as</Property>
    <Property Name="sonar.ruby.file.suffixes">.rb</Property>
    <Property Name="sonaranalyzer-cs.ruleNamespace">SonarAnalyzer.CSharp</Property>
    <Property Name="sonar.python.xunit.reportPath">xunit-reports/xunit-result-*.xml</Property>
    <Property Name="sonar.builtInQualityProfiles.disableNotificationOnUpdate">false</Property>
    <Property Name="sonar.javascript.globals">angular,goog,google,OpenLayers,d3,dojo,dojox,dijit,Backbone,moment,casper</Property>
    <Property Name="sonar.dbcleaner.hoursBeforeKeepingOnlyOneSnapshotByDay">24</Property>
    <Property Name="sonar.javascript.exclusions">**/node_modules/**,**/bower_components/**</Property>
    <Property Name="sonar.css.file.suffixes">.css,.less,.scss</Property>
    <Property Name="sonar.java.failOnException">false</Property>
    <Property Name="sonar.organizations.createPersonalOrg">false</Property>
    <Property Name="sonar.dbcleaner.cleanDirectory">true</Property>
    <Property Name="sonar.onboardingTutorial.showToNewUsers">false</Property>
    <Property Name="sonar.jacoco.reportPaths">target/jacoco.exec, target/jacoco-it.exec</Property>
    <Property Name="sonaranalyzer-vbnet.nuget.packageId">SonarAnalyzer.VisualBasic</Property>
    <Property Name="sonar.cpd.cross_project">false</Property>
    <Property Name="email.from">noreply@nowhere</Property>
    <Property Name="sonaranalyzer-vbnet.pluginVersion">7.9.1.7622</Property>
    <Property Name="sonar.vbnet.ignoreHeaderComments">true</Property>
    <Property Name="sonar.typescript.node">node</Property>
    <Property Name="sonar.dbcleaner.weeksBeforeKeepingOnlyOneSnapshotByWeek">4</Property>
    <Property Name="sonar.leak.period">previous_version</Property>
    <Property Name="sonaranalyzer-vbnet.analyzerId">SonarAnalyzer.VisualBasic</Property>
    <Property Name="email.prefix">[SONARQUBE]</Property>
    <Property Name="sonar.scala.file.suffixes">.scala</Property>
    <Property Name="sonar.cs.roslyn.ignoreIssues">false</Property>
    <Property Name="sonaranalyzer-cs.pluginKey">csharp</Property>
    <Property Name="sonaranalyzer-vbnet.ruleNamespace">SonarAnalyzer.VisualBasic</Property>
    <Property Name="sonar.javascript.ignoreHeaderComments">true</Property>
    <Property Name="sonar.dbcleaner.daysBeforeDeletingClosedIssues">30</Property>
    <Property Name="sonar.dbcleaner.weeksBeforeKeepingOnlyOneSnapshotByMonth">52</Property>
    <Property Name="sonar.lf.gravatarServerUrl">https://secure.gravatar.com/avatar/{EMAIL_MD5}.jpg?s={SIZE}&amp;d=identicon</Property>
    <Property Name="sonar.ruby.coverage.reportPaths">coverage/.resultset.json</Property>
    <Property Name="sonaranalyzer-cs.staticResourceName">SonarAnalyzer-7.9.1.7622.zip</Property>
    <Property Name="sonar.notifications.runningDelayBeforeReportingStatus">600</Property>
    <Property Name="sonaranalyzer-cs.nuget.packageId">SonarAnalyzer.CSharp</Property>
    <Property Name="sonar.javascript.environments">amd, applescript, atomtest, browser, commonjs, couch, embertest, flow, greasemonkey, jasmine, jest, jquery, meteor, mocha, mongo, nashorn, node, phantomjs, prototypejs, protractor, qunit, rhino, serviceworker, shared-node-browser, shelljs, webextensions, worker, wsh, yui</Property>
    <Property Name="sonar.authenticator.downcase">false</Property>
    <Property Name="sonar.scm.disabled">false</Property>
    <Property Name="sonar.python.coverage.reportPath">coverage-reports/*coverage-*.xml</Property>
    <Property Name="sonar.typescript.exclusions">**/node_modules/**,**/bower_components/**</Property>
    <Property Name="sonar.vbnet.file.suffixes">.vb</Property>
    <Property Name="sonaranalyzer-cs.analyzerId">SonarAnalyzer.CSharp</Property>
    <Property Name="sonar.organizations.anyoneCanCreate">false</Property>
    <Property Name="sonar.technicalDebt.ratingGrid">0.05,0.1,0.2,0.5</Property>
    <Property Name="sonar.technicalDebt.developmentCost">30</Property>
    <Property Name="sonar.lf.enableGravatar">false</Property>
    <Property Name="sonar.preview.excludePlugins">devcockpit,pdfreport,governance,ldap,authaad,authgithub,authbitbucket,googleanalytics</Property>
    <Property Name="sonar.python.file.suffixes">py</Property>
    <Property Name="sonaranalyzer-cs.pluginVersion">7.9.1.7622</Property>
    <Property Name="sonar.cs.file.suffixes">.cs</Property>
    <Property Name="sonar.javascript.file.suffixes">.js,.jsx,.vue</Property>
    <Property Name="sonaranalyzer-vbnet.staticResourceName">SonarAnalyzer-7.9.1.7622.zip</Property>
    <Property Name="sonar.java.file.suffixes">.java,.jav</Property>
    <Property Name="sonar.kotlin.file.suffixes">.kt</Property>
    <Property Name="sonar.php.file.suffixes">php,php3,php4,php5,phtml,inc</Property>
    <Property Name="sonar.xml.file.suffixes">.xml,.xsd,.xsl</Property>
    <Property Name="sonar.dbcleaner.weeksBeforeDeletingAllSnapshots">260</Property>
    <Property Name="sonaranalyzer-vbnet.pluginKey">vbnet</Property>
    <Property Name="sonar.java.collectAnalysisErrors">false</Property>
    <Property Name="sonar.updatecenter.url">https://update.sonarsource.org/update-center.properties</Property>
    <Property Name="sonar.core.id">BF41A1F2-AWf9nhWsPGKyR_6aVZwk</Property>
    <Property Name="sonar.core.startTime">04-01-2019 09:02:41</Property>
  </ServerSettings>
  <LocalSettings />
  <AnalyzersSettings>
    <AnalyzerSettings>
      <Language>cs</Language>
      <RuleSetFilePath>C:\Users\Administrator\Downloads\Asp.Net-Core-Api-Example-master\Asp.Net-Core-Api-Example-master\.sonarqube\conf\SonarQubeRoslyn-cs.ruleset</RuleSetFilePath>
      <AnalyzerAssemblyPaths>
        <Path>C:\Users\Administrator\AppData\Local\Temp\1\.sonarqube\resources\0\Google.Protobuf.dll</Path>
        <Path>C:\Users\Administrator\AppData\Local\Temp\1\.sonarqube\resources\0\SonarAnalyzer.CSharp.dll</Path>
        <Path>C:\Users\Administrator\AppData\Local\Temp\1\.sonarqube\resources\0\SonarAnalyzer.dll</Path>
        <Path>C:\Users\Administrator\AppData\Local\Temp\1\.sonarqube\resources\1\Google.Protobuf.dll</Path>
        <Path>C:\Users\Administrator\AppData\Local\Temp\1\.sonarqube\resources\1\SonarAnalyzer.dll</Path>
        <Path>C:\Users\Administrator\AppData\Local\Temp\1\.sonarqube\resources\1\SonarAnalyzer.VisualBasic.dll</Path>
      </AnalyzerAssemblyPaths>
      <AdditionalFilePaths>
        <Path>C:\Users\Administrator\Downloads\Asp.Net-Core-Api-Example-master\Asp.Net-Core-Api-Example-master\.sonarqube\conf\cs\SonarLint.xml</Path>
      </AdditionalFilePaths>
    </AnalyzerSettings>
    <AnalyzerSettings>
      <Language>vbnet</Language>
      <RuleSetFilePath>C:\Users\Administrator\Downloads\Asp.Net-Core-Api-Example-master\Asp.Net-Core-Api-Example-master\.sonarqube\conf\SonarQubeRoslyn-vbnet.ruleset</RuleSetFilePath>
      <AnalyzerAssemblyPaths>
        <Path>C:\Users\Administrator\AppData\Local\Temp\1\.sonarqube\resources\0\Google.Protobuf.dll</Path>
        <Path>C:\Users\Administrator\AppData\Local\Temp\1\.sonarqube\resources\0\SonarAnalyzer.CSharp.dll</Path>
        <Path>C:\Users\Administrator\AppData\Local\Temp\1\.sonarqube\resources\0\SonarAnalyzer.dll</Path>
        <Path>C:\Users\Administrator\AppData\Local\Temp\1\.sonarqube\resources\1\Google.Protobuf.dll</Path>
        <Path>C:\Users\Administrator\AppData\Local\Temp\1\.sonarqube\resources\1\SonarAnalyzer.dll</Path>
        <Path>C:\Users\Administrator\AppData\Local\Temp\1\.sonarqube\resources\1\SonarAnalyzer.VisualBasic.dll</Path>
      </AnalyzerAssemblyPaths>
      <AdditionalFilePaths>
        <Path>C:\Users\Administrator\Downloads\Asp.Net-Core-Api-Example-master\Asp.Net-Core-Api-Example-master\.sonarqube\conf\vbnet\SonarLint.xml</Path>
      </AdditionalFilePaths>
    </AnalyzerSettings>
  </AnalyzersSettings>
</AnalysisConfig>